{
  "$A_{p}$": {
    "all": [
      -0.044775774365161045,
      0.0019330588731333303,
      -2.111080141996794e-05
    ]
  },
  "$B_{p}$": {
    "all": [
      0.10861757786491869,
      -0.004774234658277708,
      5.303610604478762e-05
    ]
  },
  "$C_{p}$": {
    "all": [
      -0.06548048313606963,
      0.0029168931786567273,
      -3.277280874767042e-05
    ]
  },
  "$A_{\\theta}$": {
    "all": [
      -0.12295936922524639,
      0.005628397259032529,
      -6.379581261602435e-05
    ]
  },
  "$B_{\\theta}$": {
    "all": [
      0.10139046976203643,
      -0.0044677806865510055,
      4.9289998784922066e-05
    ]
  },
  "$A_{\\phi}$": {
    "all": [
      -0.22420162387797057,
      0.009715173028176672,
      -0.00013873380443807983
    ]
  },
  "$B_{\\phi}$": {
    "all": [
      0.09871686629104688,
      -0.004187276618167619,
      9.436692846415166e-05
    ]
  },
  "$C_{\\phi}$": {
    "all": [
      0.020264967824381534,
      -0.0010465278309137358,
      -2.490749186035052e-06
    ]
  }
}