{
  "$A_{p}$": {
    "all": [
      -0.0041869375468270974,
      0.0001766010994643532
    ]
  },
  "$B_{p}$": {
    "all": [
      0.008334271807959601,
      -0.00035004410256580355
    ]
  },
  "$C_{p}$": {
    "all": [
      -0.0046067859125489335,
      0.00019084825563029541
    ]
  },
  "$A_{\\theta}$": {
    "all": [
      -0.4783263992454689,
      0.05985810484346737,
      -0.002411911325665892,
      3.1297228285871606e-05
    ]
  },
  "$B_{\\theta}$": {
    "all": [
      1.0912911115525814,
      -0.13430839789118706,
      0.005333320747577275,
      -6.834685157453861e-05
    ]
  },
  "$A_{\\phi}$": {
    "all": [
      6.993636870508652,
      -1.0891205523714642,
      0.062349610356446185,
      -0.001559709089316932,
      1.4406335190124064e-05
    ]
  },
  "$B_{\\phi}$": {
    "all": [
      -20.469850640443266,
      3.0678466061947534,
      -0.1689230136161214,
      0.00406643131312594,
      -3.6239786634418773e-05
    ]
  },
  "$C_{\\phi}$": {
    "all": [
      17.632973142042655,
      -2.5478005324666637,
      0.13483959656679456,
      -0.0031097211563750767,
      2.6541524749299988e-05
    ]
  }
}