{
  "sector_1": {
    "mu_coeffs": [
      -0.0014677812862291504,
      0.01399961556692599,
      0.21710970634324003
    ],
    "sigma_coeffs": [
      0.00045316054863274246,
      -0.005386886811103179,
      0.02744471786786268
    ]
  },
  "sector_2": {
    "mu_coeffs": [
      -0.001288209840411965,
      0.012330829675590587,
      0.2217707206421278
    ],
    "sigma_coeffs": [
      0.0004395770612413286,
      -0.005421702034382803,
      0.02843227604465834
    ]
  },
  "sector_3": {
    "mu_coeffs": [
      -0.0020908922023786395,
      0.018698749949951143,
      0.2131313967892876
    ],
    "sigma_coeffs": [
      0.00037742676061328653,
      -0.004984223399392942,
      0.027005798953447544
    ]
  },
  "sector_4": {
    "mu_coeffs": [
      -0.001317495996913388,
      0.013041852926547288,
      0.21744814488993763
    ],
    "sigma_coeffs": [
      0.000497704161178603,
      -0.005735033980414203,
      0.02831025461442555
    ]
  },
  "sector_5": {
    "mu_coeffs": [
      -0.001157653238019262,
      0.011421298830190683,
      0.2193549346039524
    ],
    "sigma_coeffs": [
      0.0003994635310227162,
      -0.004911742092563713,
      0.02668042518886949
    ]
  },
  "sector_6": {
    "mu_coeffs": [
      -0.0017252027072988164,
      0.015715065882743594,
      0.21405866320719633
    ],
    "sigma_coeffs": [
      0.0004109030304369742,
      -0.005220545821186517,
      0.027477177338990636
    ]
  }
}