{
  "$A_{p}$": {
    "all": [
      -0.02486380193707624,
      0.000778625895757251,
      -6.329720425152529e-06
    ]
  },
  "$B_{p}$": {
    "all": [
      -0.011752068519011045,
      0.0012693134730989057,
      -1.2393884335467302e-05
    ]
  },
  "$C_{p}$": {
    "all": [
      0.02853701661340273,
      -0.0015407177902141355,
      1.2782247549475998e-05
    ]
  },
  "$A_{\\theta}$": {
    "all": [
      -0.4651203244471251,
      0.01845173318750316,
      -0.0001775399388633388
    ]
  },
  "$B_{\\theta}$": {
    "all": [
      0.3869044795354323,
      -0.015177725027778456,
      0.0001443734890789911
    ]
  },
  "$A_{\\phi}$": {
    "all": [
      -0.08973384429204911,
      0.0016633949369289666,
      -1.1225329548101344e-05
    ]
  },
  "$B_{\\phi}$": {
    "all": [
      0.1528590339358224,
      -0.0034208251763924585,
      2.367943128855291e-05
    ]
  },
  "$C_{\\phi}$": {
    "all": [
      -0.05791835380807507,
      0.0014863908675013286,
      -1.0612399242590764e-05
    ]
  }
}