{
  "$A_{p}$": {
    "all": [
      -0.008859772820279688,
      0.0005025224414140806
    ]
  },
  "$B_{p}$": {
    "all": [
      0.020510593374828613,
      -0.0008212843602091263
    ]
  },
  "$C_{p}$": {
    "all": [
      -0.017102514612213217,
      0.0008837300271537806
    ]
  },
  "$A_{\\theta}$": {
    "all": [
      -0.5879221267380221,
      0.06363180686979554,
      -0.0022793572586896796,
      2.704382014254673e-05
    ]
  },
  "$B_{\\theta}$": {
    "all": [
      1.7118595292435759,
      -0.19145193644268318,
      0.007057172827038301,
      -8.607044962904059e-05
    ]
  },
  "$A_{\\phi}$": {
    "all": [
      1.6191233498041595,
      -0.1603458729662779,
      0.00488432970527516,
      -4.9099520954355485e-05
    ]
  },
  "$B_{\\phi}$": {
    "all": [
      -8.147980341760691,
      0.8476905968198856,
      -0.027542988062977752,
      0.0002947095391844683
    ]
  },
  "$C_{\\phi}$": {
    "all": [
      8.71758385226455,
      -0.9325666890286114,
      0.031551972127679524,
      -0.0003464502274074533
    ]
  }
}