{
  "$A_{p}$": {
    "all": [
      0.2855187651575214,
      -0.011404742509783843,
      0.00010388597597557735
    ]
  },
  "$B_{p}$": {
    "all": [
      -0.6131005506313079,
      0.02432376082780058,
      -0.00021127476745203444
    ]
  },
  "$C_{p}$": {
    "all": [
      0.2243209341725212,
      -0.008469062058476492,
      6.265813973429145e-05
    ]
  },
  "$A_{\\theta}$": {
    "all": [
      -0.00019458232376945626,
      0.00052062535164246,
      -1.05668749196718e-05
    ]
  },
  "$B_{\\theta}$": {
    "all": [
      -0.00719222504753488,
      5.049330560804199e-05,
      2.263616204101221e-06
    ]
  },
  "$A_{\\phi}$": {
    "all": [
      0.16932593814831215,
      -0.008321547667853786,
      7.439468003459127e-05
    ]
  },
  "$B_{\\phi}$": {
    "all": [
      -0.46000163073936273,
      0.02118381950478181,
      -0.00020208345707333186
    ]
  },
  "$C_{\\phi}$": {
    "all": [
      0.18669028509549912,
      -0.008501560044432524,
      8.320565209042136e-05
    ]
  }
}