{
  "$A_{p}$": {
    "all": [
      -0.01537535464128189,
      0.0007297172308450537
    ]
  },
  "$B_{p}$": {
    "all": [
      0.028744755898568192,
      -0.0010942474619209872
    ]
  },
  "$C_{p}$": {
    "all": [
      -0.018793948326964325,
      0.0009438012818800487
    ]
  },
  "$A_{\\theta}$": {
    "all": [
      -1.020359922558875,
      0.11183769957659223,
      -0.004012592126574253,
      4.720170301721456e-05
    ]
  },
  "$B_{\\theta}$": {
    "all": [
      3.135985273917625,
      -0.3590484173421218,
      0.013416531893015528,
      -0.00016340546551557502
    ]
  },
  "$A_{\\phi}$": {
    "all": [
      11.091260204732954,
      -1.830702477912109,
      0.11062389041997873,
      -0.002914498509487259,
      2.8202626831004042e-05
    ]
  },
  "$B_{\\phi}$": {
    "all": [
      -20.40734114198017,
      3.370331316854449,
      -0.2028142266604087,
      0.005338968640051492,
      -5.170717888886744e-05
    ]
  },
  "$C_{\\phi}$": {
    "all": [
      13.137467128281386,
      -2.069792493451679,
      0.11828717314572329,
      -0.002959764069013009,
      2.7429549562565405e-05
    ]
  }
}