{
  "$A_{p}$": {
    "all": [
      0.17571311218997362,
      -0.006435764382509226,
      4.708941837689221e-05
    ]
  },
  "$B_{p}$": {
    "all": [
      -0.1800716274478884,
      0.004603791273637289,
      1.4435881606943239e-05
    ]
  },
  "$C_{p}$": {
    "all": [
      -0.11670132558702359,
      0.007124362656719236,
      -0.00011605933820855633
    ]
  },
  "$A_{\\theta}$": {
    "all": [
      -0.07902510112515257,
      0.004012175126526076,
      -4.903577798824227e-05
    ]
  },
  "$B_{\\theta}$": {
    "all": [
      0.0494759756359983,
      -0.002498086193171446,
      3.067214019579321e-05
    ]
  },
  "$A_{\\phi}$": {
    "all": [
      -0.22089725212858397,
      0.008578850365806467,
      -0.00010907198102463493
    ]
  },
  "$B_{\\phi}$": {
    "all": [
      0.029424746350464614,
      0.00034484228456865563,
      2.0768181693756654e-05
    ]
  },
  "$C_{\\phi}$": {
    "all": [
      0.03865779355730833,
      -0.0023705153087868937,
      1.9336127364492646e-05
    ]
  }
}