{
  "$A_{p}$": {
    "all": [
      -0.014797893440375047,
      0.0007011781176954761
    ]
  },
  "$B_{p}$": {
    "all": [
      0.027866349990346505,
      -0.0010495817133067524
    ]
  },
  "$C_{p}$": {
    "all": [
      -0.01880006705650789,
      0.0009369310659227894
    ]
  },
  "$A_{\\theta}$": {
    "all": [
      -1.486239132024959,
      0.1606523164146884,
      -0.005696358540411749,
      6.631644629797245e-05
    ]
  },
  "$B_{\\theta}$": {
    "all": [
      4.0426338374642,
      -0.4530734658986435,
      0.01663241039325186,
      -0.00019966946070076178
    ]
  },
  "$A_{\\phi}$": {
    "all": [
      18.76005153389869,
      -3.025242249461083,
      0.17891362081719886,
      -0.004616019480293178,
      4.381095233352932e-05
    ]
  },
  "$B_{\\phi}$": {
    "all": [
      -44.19750442508966,
      7.004949779009308,
      -0.40670698668220145,
      0.010327124663887943,
      -9.667398549278308e-05
    ]
  },
  "$C_{\\phi}$": {
    "all": [
      29.31174725250914,
      -4.490236214526216,
      0.25143204868201313,
      -0.0061575274811589645,
      5.5763672408786685e-05
    ]
  }
}