{
    "p_delta_p_FD": {
        "form": "[0] + [1]/p + [2]/(p^2)",
        "coeffs": {
            "0": [-0.014797893440375047, 0.0007011781176954761],
            "1": [0.027866349990346505, -0.0010495817133067524],
            "2": [-0.01880006705650789, 0.0009369310659227894]
        }
    },
    "p_delta_p_CD" : {
        "form": "[0] + [1]*p + [2]*p^2",
        "coeffs": {
            "0": [0.17571311218997362, -0.006435764382509226, 4.708941837689221e-05],
            "1": [-0.1800716274478884, 0.004603791273637289, 1.4435881606943239e-05],
            "2": [-0.11670132558702359, 0.007124362656719236, -0.00011605933820855633]
        }
    },
    "p_delta_theta_FD": {
        "form":"[0] + [1]/p",
        "coeffs": {
            "0": [-1.486239132024959, 0.1606523164146884, -0.005696358540411749, 6.631644629797245e-05],
            "1": [4.0426338374642, -0.4530734658986435, 0.01663241039325186, -0.00019966946070076178]
        }
    },
    "p_delta_theta_CD": {
        "form":"[0] + [1]*p",
        "coeffs": {
            "0": [-0.07902510112515257, 0.004012175126526076, -4.903577798824227e-05],
            "1": [0.0494759756359983, -0.002498086193171446, 3.067214019579321e-05]
        }
    },
    "p_delta_phi_FD": {
        "form": "[0] + [1]/p + [2]/(p^2)",
        "coeffs": {
            "0": [18.76005153389869, -3.025242249461083, 0.17891362081719886, -0.004616019480293178, 4.381095233352932e-05],
            "1": [-44.19750442508966, 7.004949779009308, -0.40670698668220145, 0.010327124663887943, -9.667398549278308e-05],
            "2": [29.31174725250914, -4.490236214526216, 0.25143204868201313, -0.0061575274811589645, 5.5763672408786685e-05]
        }
    },
    "p_delta_phi_CD": {
        "form": "[0] + [1]*p + [2]*p^2",
        "coeffs": {
            "0": [-0.22089725212858397, 0.008578850365806467, -0.00010907198102463493],
            "1": [0.029424746350464614,0.00034484228456865563, 2.0768181693756654e-05],
            "2": [0.03865779355730833, -0.0023705153087868937, 1.9336127364492646e-05]
        }
    }
}