{
    "p_delta_p_FD": {
        "form": "[0] + [1]/p + [2]/(p^2)",
        "coeffs": {
            "0": [-0.0035318198168139575, 0.00042736676801439165],
            "1": [0.009134041476467056, -0.001329712586834226],
            "2": [0.014771477053986473, 0.00020518109414323363]
        }
    },
    "p_delta_p_CD" : {
        "form": "[0] + [1]*p + [2]*p^2",
        "coeffs": {
            "0": [0.22044754507058184, -0.008247295560101118, 6.560769718767648e-05],
            "1": [-0.32394811092749304, 0.008016897678014567, -9.409371697432515e-06],
            "2": [-0.053957628619365115, 0.006267201360990591, -0.00011346666587867504]
        }
    },
    "p_delta_theta_FD": {
        "form":"[0] + [1]/p",
        "coeffs": {
            "0": [-1.4151537351728265, 0.18821791421793238, -0.007515007004553301, 9.279964193227027e-05],
            "1": [5.011086087404201, -0.588596381912424, 0.021794075889223722, -0.000257023230394326]
        }
    },
    "p_delta_theta_CD": {
        "form":"[0] + [1]/p",
        "coeffs": {
            "0": [0.006535901028860151, -0.00011200244368900432, 9.554257350439587e-07],
            "1": [-0.0658509077020661, 0.002419274794358888, -2.2774694071220767e-05]
        }
    },
    "p_delta_phi_FD": {
        "form": "[0] + [1]/p + [2]/(p^2)",
        "coeffs": {
            "0": [16.421368983255714, -2.6992701727850807, 0.16076679798495114, -0.004151640980893737, 3.95515292659336e-05],
            "1": [-30.96105601969701, 5.001965765057023, -0.291748044392422, 0.007384653276831236, -6.93569555777463e-05],
            "2": [18.277817275124647, -2.7541107042790802, 0.15091756757063135, -0.003607183439808356, 3.221536799803601e-05]
        }
    },
    "p_delta_phi_CD": {
        "form": "[0] + [1]/p + [2]/(p^2)",
        "coeffs": {
            "0": [0.4580921796759518, -0.011502283188383677, 4.068503641481991e-05],
            "1": [-1.4294988292623239, 0.04755307443628641, -0.00036575168733293584],
            "2": [0.7199387306001532, -0.025747652655936443, 0.00022156515488476328]
        }
    }
}