{
  "sector_1": {
    "mu_coeffs": [
      -0.0016269455053458388,
      0.01542420509638783,
      0.2164511051233645
    ],
    "sigma_coeffs": [
      0.0006497782331581534,
      -0.007038688509180009,
      0.030524013693610248
    ]
  },
  "sector_2": {
    "mu_coeffs": [
      -0.0017248640646460854,
      0.016740890768805205,
      0.21272911088315832
    ],
    "sigma_coeffs": [
      0.0004970367034534632,
      -0.00573572452278418,
      0.028433774716280977
    ]
  },
  "sector_3": {
    "mu_coeffs": [
      -0.0022545297480613645,
      0.01997089563690014,
      0.21352018263552003
    ],
    "sigma_coeffs": [
      0.0004469358380398099,
      -0.005633755817960401,
      0.028335897525858085
    ]
  },
  "sector_4": {
    "mu_coeffs": [
      -0.0016400697479320605,
      0.01569302291548304,
      0.2149082691919019
    ],
    "sigma_coeffs": [
      0.0005774200422794685,
      -0.00640438037689688,
      0.029489880773592606
    ]
  },
  "sector_5": {
    "mu_coeffs": [
      -0.001426513207623342,
      0.013668838739178776,
      0.21720266125014456
    ],
    "sigma_coeffs": [
      0.000563416865656676,
      -0.00626453960759329,
      0.02906787921177979
    ]
  },
  "sector_6": {
    "mu_coeffs": [
      -0.0019499759462784055,
      0.01734727194619158,
      0.21352924940198156
    ],
    "sigma_coeffs": [
      0.0005373017262465216,
      -0.0062606193972812195,
      0.02916799554370037
    ]
  }
}