{
  "sector_1": {
    "mu_coeffs": [
      -0.0014651738727328078,
      0.01400389885793784,
      0.2170195235748618
    ],
    "sigma_coeffs": [
      0.00045907474767357525,
      -0.005465999194581708,
      0.027799406750474157
    ]
  },
  "sector_2": {
    "mu_coeffs": [
      -0.001286299682878744,
      0.012333122736584847,
      0.22166441957760918
    ],
    "sigma_coeffs": [
      0.00044061377196058694,
      -0.005454724602542216,
      0.028694029514956268
    ]
  },
  "sector_3": {
    "mu_coeffs": [
      -0.002089180926155658,
      0.01868743428666584,
      0.213133283910086
    ],
    "sigma_coeffs": [
      0.00036137975608556427,
      -0.004877415228410532,
      0.0269953006628822
    ]
  },
  "sector_4": {
    "mu_coeffs": [
      -0.0013267723414525188,
      0.013125621881348377,
      0.21723921118808645
    ],
    "sigma_coeffs": [
      0.000497370408553687,
      -0.005757405551593882,
      0.028543005258740834
    ]
  },
  "sector_5": {
    "mu_coeffs": [
      -0.0011640653449307382,
      0.011482246034170997,
      0.21916546570775866
    ],
    "sigma_coeffs": [
      0.0004017704268650563,
      -0.004954621668863123,
      0.026931251586119868
    ]
  },
  "sector_6": {
    "mu_coeffs": [
      -0.0017272749571931513,
      0.015741572678045452,
      0.2139351763133724
    ],
    "sigma_coeffs": [
      0.0004151626453649754,
      -0.005282002175336284,
      0.027779371827747572
    ]
  }
}