{
  "sector_1": {
    "mu_coeffs": [
      -0.0008158137579812512,
      0.008712409742091476,
      0.2310121324677888
    ],
    "sigma_coeffs": [
      0.0006123470036136105,
      -0.006872860777316919,
      0.029985528705977767
    ]
  },
  "sector_2": {
    "mu_coeffs": [
      -0.0008158137579812512,
      0.008712409742091476,
      0.2310121324677888
    ],
    "sigma_coeffs": [
      0.0006123470036136105,
      -0.006872860777316919,
      0.029985528705977767
    ]
  },
  "sector_3": {
    "mu_coeffs": [
      -0.0008158137579812512,
      0.008712409742091476,
      0.2310121324677888
    ],
    "sigma_coeffs": [
      0.0006123470036136105,
      -0.006872860777316919,
      0.029985528705977767
    ]
  },
  "sector_4": {
    "mu_coeffs": [
      -0.0008158137579812512,
      0.008712409742091476,
      0.2310121324677888
    ],
    "sigma_coeffs": [
      0.0006123470036136105,
      -0.006872860777316919,
      0.029985528705977767
    ]
  },
  "sector_5": {
    "mu_coeffs": [
      -0.0008158137579812512,
      0.008712409742091476,
      0.2310121324677888
    ],
    "sigma_coeffs": [
      0.0006123470036136105,
      -0.006872860777316919,
      0.029985528705977767
    ]
  },
  "sector_6": {
    "mu_coeffs": [
      -0.0008158137579812512,
      0.008712409742091476,
      0.2310121324677888
    ],
    "sigma_coeffs": [
      0.0006123470036136105,
      -0.006872860777316919,
      0.029985528705977767
    ]
  }
}