{
  "$A_{p}$": {
    "all": [
      -0.06578047971222535,
      0.0027033137098325887,
      -2.829850148166823e-05
    ]
  },
  "$B_{p}$": {
    "all": [
      0.1799814706498341,
      -0.00759104831390166,
      8.119093259686318e-05
    ]
  },
  "$C_{p}$": {
    "all": [
      -0.10814879864589046,
      0.0046433629151791025,
      -5.042709464723548e-05
    ]
  },
  "$A_{\\theta}$": {
    "all": [
      -0.1737818915818673,
      0.007716155161446838,
      -8.318393663326629e-05
    ]
  },
  "$B_{\\theta}$": {
    "all": [
      0.13535056915205396,
      -0.006245089966187026,
      6.961382811646719e-05
    ]
  },
  "$A_{\\phi}$": {
    "all": [
      0.23418913559309357,
      -0.001193755363359881,
      -7.753558151051981e-05
    ]
  },
  "$B_{\\phi}$": {
    "all": [
      -0.8739582102722927,
      0.02342726660171083,
      -0.0001047485002961091
    ]
  },
  "$C_{\\phi}$": {
    "all": [
      0.48238755607975464,
      -0.015789437889180125,
      0.00011765338518420819
    ]
  }
}