{
  "$A_{p}$": {
    "all": [
      0.0015384152759606992,
      -4.818216303576418e-05
    ]
  },
  "$B_{p}$": {
    "all": [
      -0.003659440495804956,
      9.947834141329884e-05
    ]
  },
  "$C_{p}$": {
    "all": [
      0.0023278817224512086,
      -5.890196323530701e-05
    ]
  },
  "$A_{\\theta}$": {
    "all": [
      -0.653857281335391,
      0.07084683135563855,
      -0.002474427827865548,
      2.784328186128731e-05
    ]
  },
  "$B_{\\theta}$": {
    "all": [
      1.6222881489965801,
      -0.17590580000707795,
      0.0061714785439288,
      -7.012137193464659e-05
    ]
  },
  "$A_{\\phi}$": {
    "all": [
      7.299883374155683,
      -1.108632921207508,
      0.06281675997132269,
      -0.001574617837570209,
      1.4769973269509855e-05
    ]
  },
  "$B_{\\phi}$": {
    "all": [
      -25.16574889375852,
      3.648774959545502,
      -0.19749858767769962,
      0.004736231225563564,
      -4.2611739440716607e-05
    ]
  },
  "$C_{\\phi}$": {
    "all": [
      22.980762866283417,
      -3.18997684788049,
      0.16492773456418738,
      -0.0037692815138715267,
      3.224812946483866e-05
    ]
  }
}