{
  "$A_{p}$": {
    "all": [
      0.32162917465522173,
      -0.012908848693511317,
      0.0001187224678804563
    ]
  },
  "$B_{p}$": {
    "all": [
      -0.7109516193183134,
      0.028303162910332136,
      -0.00024934613811927725
    ]
  },
  "$C_{p}$": {
    "all": [
      0.28199860146950323,
      -0.010750074303309994,
      8.35894950980039e-05
    ]
  },
  "$A_{\\theta}$": {
    "all": [
      -0.007816281858931459,
      0.0008910131020086434,
      -1.4960156983400463e-05
    ]
  },
  "$B_{\\theta}$": {
    "all": [
      -0.0038663805715146997,
      -0.00010006504928220996,
      3.93603749663338e-06
    ]
  },
  "$A_{\\phi}$": {
    "all": [
      0.2312331920633445,
      -0.010831427945984153,
      9.795066303456808e-05
    ]
  },
  "$B_{\\phi}$": {
    "all": [
      -0.5895106961411705,
      0.026550959981710066,
      -0.0002547965388320512
    ]
  },
  "$C_{\\phi}$": {
    "all": [
      0.2407427768417926,
      -0.010755340131507052,
      0.00010567506737689242
    ]
  }
}