{
  "$A_{p}$": {
    "all": [
      -0.014804161078835882,
      0.0007025444419731234
    ]
  },
  "$B_{p}$": {
    "all": [
      0.02753906807508958,
      -0.00103677513365342
    ]
  },
  "$C_{p}$": {
    "all": [
      -0.01812759275800412,
      0.0009126872226191948
    ]
  },
  "$A_{\\theta}$": {
    "all": [
      -1.0928063464942803,
      0.12095903542741362,
      -0.004381510570906484,
      5.1977352680584255e-05
    ]
  },
  "$B_{\\theta}$": {
    "all": [
      3.4243637616213802,
      -0.3943286155962218,
      0.014815218418873287,
      -0.0001813283460288645
    ]
  },
  "$A_{\\phi}$": {
    "all": [
      8.272692994625162,
      -1.3793262040588345,
      0.08434133983757655,
      -0.0022529977652414822,
      2.2105739028542846e-05
    ]
  },
  "$B_{\\phi}$": {
    "all": [
      -14.793214286840826,
      2.463572533256309,
      -0.14988038148454935,
      0.0040098970797823,
      -3.953461917031026e-05
    ]
  },
  "$C_{\\phi}$": {
    "all": [
      10.551606475764125,
      -1.642122764800404,
      0.093024898779443,
      -0.0023234571662411373,
      2.1620039503839293e-05
    ]
  }
}