{
    "p_delta_p_FD": {
        "form": "[0] + [1]/p + [2]/(p^2)",
        "coeffs": {
            "0": [-0.008352351590471202,
            0.00039057812184848577],
            "1": [0.01953076975169808,
            -0.0005707189300586813],
            "2": [-0.016745554055710956,
            0.0007763488024341511]
        }
    },
    "p_delta_p_CD" : {
        "form": "[0] + [1]*p + [2]*p^2",
        "coeffs": {
            "0": [0.2931868532422283,
            -0.011855537285918287,
            0.00010950891088837606],
            "1": [-0.5014288411646727,
            0.01946814455937607,
            -0.0001587551575332169],
            "2": [0.07794864070030517,
            -0.0019572275425298715,
            -8.275483262804041e-06]
        }
    },
    "p_delta_theta_FD": {
        "form":"[0] + [1]/p",
        "coeffs": {
            "0": [-1.2260261274029474,
            0.12274560468857208,
            -0.003994464343124837,
            4.244686441091268e-05],
            "1": [3.9659990281821806,
            -0.4344082522391164,
            0.01558653081653851,
            -0.00018335608769765317]
        }
    },
    "p_delta_theta_CD": {
        "form":"[0] + [1]/p",
        "coeffs": {
            "0": [-0.07419239322137912,
            0.0037909660236609727,
            -4.661158404396536e-05],
            "1": [0.031750465750328145,
            -0.0017602698044845327,
            2.3127553823635925e-05]
        }
    },
    "p_delta_phi_FD": {
        "form": "[0] + [1]/p + [2]/(p^2)",
        "coeffs": {
            "0": [10.237435752578765,
            -1.650530439329794,
            0.09959188151361101,
            -0.0026499387584296174,
            2.6014198386156832e-05],
            "1": [-20.34433517957028,
            3.104607755894618,
            -0.1807022827827046,
            0.004728767044518191,
            -4.6172324252063646e-05],
            "2": [15.298615735754954,
            -2.148177543590776,
            0.11478000611145313,
            -0.0027740617356295256,
            2.5372353405065564e-05]
        }
    },
    "p_delta_phi_CD": {
        "form": "[0] + [1]/p + [2]/(p^2)",
        "coeffs": {
            "0": [-0.05464766930393993,
            0.0009762041493614159,
            -1.8564803455681222e-05],
            "1": [-0.19376569928222248,
            0.010706359505408611,
            -0.00010343111385999017],
            "2": [0.10916580042986843,
            -0.005635538564804591,
            5.827589368883551e-05]
        }
    }
}