{
  "sector_1": {
    "mu_coeffs": [
      -0.0004893407770319257,
      0.0038027295271000484,
      0.242169125673395
    ],
    "sigma_coeffs": [
      0.0002699448762266149,
      -0.004308016396854441,
      0.027111982494282028
    ]
  },
  "sector_2": {
    "mu_coeffs": [
      -0.0007845001529347585,
      0.00807794412601649,
      0.22734653037473873
    ],
    "sigma_coeffs": [
      0.0002421464720922537,
      -0.0038784926503571617,
      0.026499965797476505
    ]
  },
  "sector_3": {
    "mu_coeffs": [
      -0.0008583638074252953,
      0.008308065035384397,
      0.22980445522312687
    ],
    "sigma_coeffs": [
      0.00025839447996439603,
      -0.0042009584533420396,
      0.02679656641076076
    ]
  },
  "sector_4": {
    "mu_coeffs": [
      -0.0005833133370916612,
      0.006638841109875374,
      0.22958105272288964
    ],
    "sigma_coeffs": [
      0.00021356939110011433,
      -0.0037384257365018574,
      0.026604677584713497
    ]
  },
  "sector_5": {
    "mu_coeffs": [
      -0.0004716165069939163,
      0.005431582905016288,
      0.22998353653442252
    ],
    "sigma_coeffs": [
      0.00016965930443373753,
      -0.00316483938777494,
      0.025358899254921307
    ]
  },
  "sector_6": {
    "mu_coeffs": [
      -0.0008215316615124262,
      0.008270011136663764,
      0.22700620396386614
    ],
    "sigma_coeffs": [
      0.0002987252438393561,
      -0.004791075105965912,
      0.028992576476596657
    ]
  }
}