{
  "sector_1": {
    "mu_coeffs": [
      -0.0004587522263919406,
      0.0035141508297758836,
      0.24271217219573876
    ],
    "sigma_coeffs": [
      0.00030444098747825276,
      -0.004602810945537087,
      0.027542131736937182
    ]
  },
  "sector_2": {
    "mu_coeffs": [
      -0.0008328943755689448,
      0.008565215026896228,
      0.22629784753355708
    ],
    "sigma_coeffs": [
      0.0002878684642825688,
      -0.004305666939314205,
      0.027284276823400917
    ]
  },
  "sector_3": {
    "mu_coeffs": [
      -0.0009199801921651276,
      0.008897940018028877,
      0.22865794594666758
    ],
    "sigma_coeffs": [
      0.0003033657367576382,
      -0.004639108554514651,
      0.027662494465745598
    ]
  },
  "sector_4": {
    "mu_coeffs": [
      -0.0006413416235301387,
      0.0071922570888818295,
      0.22851739409798796
    ],
    "sigma_coeffs": [
      0.00024437455639463273,
      -0.004027387692151554,
      0.02712841347800901
    ]
  },
  "sector_5": {
    "mu_coeffs": [
      -0.00046424330837791574,
      0.0054072170003682815,
      0.22984329226296382
    ],
    "sigma_coeffs": [
      0.00019760683951494792,
      -0.003455442189409388,
      0.025999626961405602
    ]
  },
  "sector_6": {
    "mu_coeffs": [
      -0.0008765931151143868,
      0.00879894876235995,
      0.22596089639568315
    ],
    "sigma_coeffs": [
      0.00034446388493198304,
      -0.005217871075075172,
      0.029781625533331513
    ]
  }
}