{
  "sector_1": {
    "mu_coeffs": [
      -6.119815822724586e-05,
      0.0013845802190520795,
      0.24860509546672901
    ],
    "sigma_coeffs": [
      0.00012992703704660299,
      -0.002668911875449778,
      0.022714005696802434
    ]
  },
  "sector_2": {
    "mu_coeffs": [
      -0.0002480291829172692,
      0.00414437447172786,
      0.23892643527753707
    ],
    "sigma_coeffs": [
      0.0001396578055421085,
      -0.002843473881669611,
      0.023594337680955917
    ]
  },
  "sector_3": {
    "mu_coeffs": [
      -0.0002767447881702512,
      0.004509914790031247,
      0.23763203578721306
    ],
    "sigma_coeffs": [
      0.00016424060728390718,
      -0.0031832385329441473,
      0.02455604842677616
    ]
  },
  "sector_4": {
    "mu_coeffs": [
      -0.0003105109588728288,
      0.004958089041450631,
      0.23573027405733854
    ],
    "sigma_coeffs": [
      0.00016396827707284225,
      -0.003179224937238283,
      0.024471112941618026
    ]
  },
  "sector_5": {
    "mu_coeffs": [
      -0.00022275074016611486,
      0.0038976831681292955,
      0.23897828245778657
    ],
    "sigma_coeffs": [
      0.00012336358787015227,
      -0.0026477024903694144,
      0.0230253603770468
    ]
  },
  "sector_6": {
    "mu_coeffs": [
      -0.0002589567568977986,
      0.004265669695460914,
      0.23857493792880688
    ],
    "sigma_coeffs": [
      0.00014751286397760897,
      -0.002963169438761489,
      0.02392971770632081
    ]
  }
}