{
    "p_delta_p_FD": {
        "form": "[0] + [1]/p + [2]/(p^2)",
        "coeffs": {
            "0": [-0.008805111502654742, 0.0004978760384687152],
            "1": [0.01983358224028466, -0.0007917574729338918],
            "2": [-0.016389187677611543, 0.0008558870251674676]
        }
    },
    "p_delta_p_CD" : {
        "form": "[0] + [1]*p + [2]*p^2",
        "coeffs": {
            "0": [-0.020253177247514884, 0.0005728847468402564, -4.249900472884533e-06],
            "1": [-0.025541168462974252, 0.0018651926553191701, -1.8328619167119578e-05],
            "2": [0.03565243616031444, -0.0018632877820618293, 1.6120569653443098e-05]
        }
    },
    "p_delta_theta_FD": {
        "form":"[0] + [1]/p",
        "coeffs": {
            "0": [-0.6600564020616334, 0.07251620425419004, -0.002634727394660484, 3.1659541829217516e-05],
            "1": [1.9088118497441375, -0.2152693346102051, 0.007989446635956406, -9.786632435544166e-05]
        }
    },
    "p_delta_theta_CD": {
        "form":"[0] + [1]*p",
        "coeffs": {
            "0": [-0.09164758170608486, 0.004096566738065135, -4.3408337653072516e-05],
            "1": [0.13352565904056415, -0.005655088857163317, 5.730614876230532e-05]
        }
    },
    "p_delta_phi_FD": {
        "form": "[0] + [1]/p + [2]/(p^2)",
        "coeffs": {
            "0": [11.037963017134137, -1.6838406783788922, 0.09505328071958731, -0.0023654059400169017, 2.1813002422198038e-05],
            "1": [-43.949100693113564, 6.475008410597865, -0.3511502138912486, 0.008373952667066187, -7.398876466711021e-05],
            "2": [41.35315490559097, -5.908021585245239, 0.30920430388689, -0.007078222616336035, 5.9925291841083505e-05]
        }
    },
    "p_delta_phi_CD": {
        "form": "[0] + [1]*p + [2]*p^2",
        "coeffs": {
            "0": [-0.024087519132615677, 0.001096997051079076, -1.1698250343428828e-05],
            "1": [0.019170042504978436, -0.0010928104454744393, 2.0558323822827794e-05],
            "2": [-0.003440000334921699, 0.00036400710786097396, -1.3803541802484884e-05]
        }
    }
}