{
  "sector_1": {
    "mu_coeffs": [
      -0.0010662415688736607,
      0.010787932255568688,
      0.22425369578099913
    ],
    "sigma_coeffs": [
      0.0005951635254711782,
      -0.0069909857338830645,
      0.031695915756547156
    ]
  },
  "sector_2": {
    "mu_coeffs": [
      -0.0011495305400406894,
      0.011377550010260517,
      0.22300751918124706
    ],
    "sigma_coeffs": [
      0.00043900993012044277,
      -0.0056952484114717854,
      0.029693231282974453
    ]
  },
  "sector_3": {
    "mu_coeffs": [
      -0.0013235882530976291,
      0.01235886252964943,
      0.22554497415897962
    ],
    "sigma_coeffs": [
      0.00048297724950577536,
      -0.006115662826005477,
      0.02981773881268599
    ]
  },
  "sector_4": {
    "mu_coeffs": [
      -0.0009343987622345655,
      0.009463078560903516,
      0.22626968710547318
    ],
    "sigma_coeffs": [
      0.0004550098816202213,
      -0.005839576879434401,
      0.029762143347242653
    ]
  },
  "sector_5": {
    "mu_coeffs": [
      -0.0008757877470340922,
      0.008973199576426765,
      0.22519105068756412
    ],
    "sigma_coeffs": [
      0.0005506643927145897,
      -0.0065639165699962945,
      0.03097322951036188
    ]
  },
  "sector_6": {
    "mu_coeffs": [
      -0.0012970678568595506,
      0.01233591294929383,
      0.2210945901244518
    ],
    "sigma_coeffs": [
      0.0005778354984226793,
      -0.007115736324321555,
      0.0324701453289161
    ]
  }
}