{
  "sector_1": {
    "mu_coeffs": [
      -0.0014656103096892439,
      0.014006789104050713,
      0.21701565990802352
    ],
    "sigma_coeffs": [
      0.00045873026627567406,
      -0.005462919518143097,
      0.027794710874956698
    ]
  },
  "sector_2": {
    "mu_coeffs": [
      -0.0012878007658376834,
      0.012341068045560608,
      0.221655399230388
    ],
    "sigma_coeffs": [
      0.00044096874650596926,
      -0.005456289286099603,
      0.028695516028326814
    ]
  },
  "sector_3": {
    "mu_coeffs": [
      -0.0020903513338034548,
      0.018695028788534643,
      0.2131233015935231
    ],
    "sigma_coeffs": [
      0.00036178972101150143,
      -0.004879131030302246,
      0.02699683016823666
    ]
  },
  "sector_4": {
    "mu_coeffs": [
      -0.0013268814656232056,
      0.013127851529811493,
      0.2172351318182317
    ],
    "sigma_coeffs": [
      0.0004973190154430897,
      -0.005756015940661053,
      0.028540378322356248
    ]
  },
  "sector_5": {
    "mu_coeffs": [
      -0.0011649170983888035,
      0.011487697097750441,
      0.21915835061017602
    ],
    "sigma_coeffs": [
      0.00040238403341269735,
      -0.0049572747152843285,
      0.026933705710426744
    ]
  },
  "sector_6": {
    "mu_coeffs": [
      -0.001727006522682867,
      0.015740788373804243,
      0.21393550420423763
    ],
    "sigma_coeffs": [
      0.0004154320633264544,
      -0.005282472849814015,
      0.02777898291732167
    ]
  }
}