{
    "p_delta_p_FD": {
        "form": "[0] + [1]/p + [2]/(p^2)",
        "coeffs": {
            "0": [0.005618785687509103,
            -3.6312969254217096e-05],
            "1": [-0.013440398368412714,
            0.0005184177534110278],
            "2": [0.0017727272133748057,
            0.0001495379689938342]
        }
    },
    "p_delta_p_CD" : {
        "form": "[0] + [1]*p + [2]*p^2",
        "coeffs": {
            "0": [0.15713493441419618,
            -0.008675537122572694,
            0.0001034720337817135],
            "1": [-0.5793383258836808,
            0.028203013678492525,
            -0.0003105127351030126],
            "2": [0.2756847147981267,
            -0.012740055937066503,
            0.00013297337231507817]
        }
    },
    "p_delta_theta_FD": {
        "form":"[0] + [1]/p",
        "coeffs": {
            "0": [-0.12783324216348707,
            0.021447156707386377,
            -0.0009643190641856842,
            1.283150753738443e-05],
            "1": [0.889198743173125,
            -0.11673945725085016,
            0.0049394608608152,
            -6.689566109230267e-05]
        }
    },
    "p_delta_theta_CD": {
        "form":"[0] + [1]/p",
        "coeffs": {
            "0": [0.05526296858682308,
            -0.0019141925446742477,
            1.4311388178345488e-05],
            "1": [-0.06501717667491691,
            0.0026491623104492336,
            -2.543257190863108e-05]
        }
    },
    "p_delta_phi_FD": {
        "form": "[0] + [1]/p + [2]/(p^2)",
        "coeffs": {
            "0": [7.623783020704873,
            -1.293943772442332,
            0.07990584593885212,
            -0.002137686335041512,
            2.0866991275294375e-05],
            "1": [-6.445235852108312,
            1.2899883030977966,
            -0.08832252763843974,
            0.0025648365315452514,
            -2.667496838211644e-05],
            "2": [0.1264033264036025,
            -0.14676135696765807,
            0.014858510743282798,
            -0.0005334010080329311,
            6.341388776596597e-06]
        }
    },
    "p_delta_phi_CD": {
        "form": "[0] + [1]/p + [2]/(p^2)",
        "coeffs": {
            "0": [0.06812550195554863,
            -0.005687455537575084,
            7.05374178179924e-05],
            "1": [-0.14719102452919783,
            0.012202005736647615,
            -0.0001608040007641093],
            "2": [-0.002356197976349871,
            -0.0024699732447505457,
            4.2771497450508636e-05]
        }
    }
}