{
  "sector_1": {
    "mu_coeffs": [
      -0.0004498154175212681,
      0.0025564540719016362,
      0.23967297418981326
    ],
    "sigma_coeffs": [
      0.00036658573605529733,
      -0.005368006402672512,
      0.03183871723879793
    ]
  },
  "sector_2": {
    "mu_coeffs": [
      -0.0007331499682613057,
      0.005725794869478577,
      0.23278151071450182
    ],
    "sigma_coeffs": [
      0.00038985302799585076,
      -0.005117978848915254,
      0.03171636832056467
    ]
  },
  "sector_3": {
    "mu_coeffs": [
      -0.0010073381345490735,
      0.007381210718804102,
      0.23304684071673074
    ],
    "sigma_coeffs": [
      0.00036749057733179575,
      -0.004495756173592792,
      0.029337907424440826
    ]
  },
  "sector_4": {
    "mu_coeffs": [
      -0.0006440995602722393,
      0.007395164569757726,
      0.22912818692207607
    ],
    "sigma_coeffs": [
      0.00032481236581440346,
      -0.005149535814297652,
      0.032047807119508595
    ]
  },
  "sector_5": {
    "mu_coeffs": [
      -0.00017894396486386487,
      0.0008231866236392961,
      0.24288189093323262
    ],
    "sigma_coeffs": [
      0.00021868579407415667,
      -0.00327743144919539,
      0.0269350632897707
    ]
  },
  "sector_6": {
    "mu_coeffs": [
      -0.0006750836868110477,
      0.004625132971151529,
      0.23743626789241123
    ],
    "sigma_coeffs": [
      0.00031938043424540203,
      -0.004573514784568224,
      0.030482614978553722
    ]
  }
}