{
  "sector_1": {
    "mu_coeffs": [
      -0.0007076746443344039,
      0.007903159383549819,
      0.23158345380203854
    ],
    "sigma_coeffs": [
      0.0002043985618757401,
      -0.0035329770030284357,
      0.025934688469213932
    ]
  },
  "sector_2": {
    "mu_coeffs": [
      -0.0007076746443344039,
      0.007903159383549819,
      0.23158345380203854
    ],
    "sigma_coeffs": [
      0.0002043985618757401,
      -0.0035329770030284357,
      0.025934688469213932
    ]
  },
  "sector_3": {
    "mu_coeffs": [
      -0.0007076746443344039,
      0.007903159383549819,
      0.23158345380203854
    ],
    "sigma_coeffs": [
      0.0002043985618757401,
      -0.0035329770030284357,
      0.025934688469213932
    ]
  },
  "sector_4": {
    "mu_coeffs": [
      -0.0007076746443344039,
      0.007903159383549819,
      0.23158345380203854
    ],
    "sigma_coeffs": [
      0.0002043985618757401,
      -0.0035329770030284357,
      0.025934688469213932
    ]
  },
  "sector_5": {
    "mu_coeffs": [
      -0.0007076746443344039,
      0.007903159383549819,
      0.23158345380203854
    ],
    "sigma_coeffs": [
      0.0002043985618757401,
      -0.0035329770030284357,
      0.025934688469213932
    ]
  },
  "sector_6": {
    "mu_coeffs": [
      -0.0007076746443344039,
      0.007903159383549819,
      0.23158345380203854
    ],
    "sigma_coeffs": [
      0.0002043985618757401,
      -0.0035329770030284357,
      0.025934688469213932
    ]
  }
}