{
  "sector_1": {
    "mu_coeffs": [
      -0.00043521933838014236,
      0.0023659315007942424,
      0.2402210939699012
    ],
    "sigma_coeffs": [
      0.00029656693477745754,
      -0.004499769144699642,
      0.029435320213054606
    ]
  },
  "sector_2": {
    "mu_coeffs": [
      -0.0007201257141338478,
      0.005595442854448874,
      0.23304193120255115
    ],
    "sigma_coeffs": [
      0.0004004657603831629,
      -0.005208481410557071,
      0.031860992607246896
    ]
  },
  "sector_3": {
    "mu_coeffs": [
      -0.001021579367717658,
      0.007502673464128888,
      0.2328660315228106
    ],
    "sigma_coeffs": [
      0.00036201475486086096,
      -0.004442832829942359,
      0.029212723776412784
    ]
  },
  "sector_4": {
    "mu_coeffs": [
      -0.0006287450663942457,
      0.007217086566413032,
      0.22954698007859364
    ],
    "sigma_coeffs": [
      0.00032295081762546144,
      -0.00512285034660768,
      0.03198708462965407
    ]
  },
  "sector_5": {
    "mu_coeffs": [
      -0.00018468323389900693,
      0.0008786906565813184,
      0.2427364343701733
    ],
    "sigma_coeffs": [
      0.00021454849874728445,
      -0.003227976529261154,
      0.026808283398739096
    ]
  },
  "sector_6": {
    "mu_coeffs": [
      -0.0006774718938734246,
      0.004622116824722621,
      0.2374830587512847
    ],
    "sigma_coeffs": [
      0.0003154346134347732,
      -0.004553872617741434,
      0.030500591634298396
    ]
  }
}